{"uuid":"87d6f316-e843-4890-ab06-750a04f378e5","contentAction":"SEND_NEW","payload":"{\"id\":0,\"uid\":\"attachId1\",\"createTime\":\"2015-07-20T22:49:04Z\",\"updateTime\":\"2015-07-20T22:49:04Z\",\"createUser\":\"string\",\"request_time\":\"2015-07-20T22:49:04Z\",\"last_name\":\"string\",\"first_name\":\"string\",\"patronimic\":\"string\",\"organization\":\"string\",\"ogrn\":\"string\",\"timezone\":0,\"representative_fio\":\"string\",\"outgoing_document_number\":\"string\",\"outgoing_document_date\":\"2015-07-20T22:49:04Z\",\"delivery_email\":\"string\",\"delivery_zip\":\"string\",\"delivery_city\":\"string\",\"delivery_street\":\"string\",\"delivery_house\":\"string\",\"delivery_building\":\"string\",\"delivery_apartment\":\"string\",\"delivery_phone_number\":\"string\",\"delivery_world_region_uuid\":\"3fa85f64-5717-4562-b3fc-2c963f66afa6\",\"delivery_subregion_uuid\":\"3fa85f64-5717-4562-b3fc-2c963f66afa6\",\"message\":\"string\",\"confirmation_status\":true,\"request_number\":\"string\",\"status\":\"string\",\"nsi_unit_uuid\":{\"title\":\"string\",\"title_start\":\"string\",\"title_end\":\"string\",\"title_short\":\"string\",\"duties\":\"string\",\"liferay_page_id\":\"string\",\"code\":\"string\",\"status\":\"string\",\"is_department\":true,\"external_portal_visible\":true,\"nsi_unit_uri\":\"string\",\"control_email\":\"string\",\"unit_order\":0,\"nsi_unit_super_uuid\":\"3fa85f64-5717-4562-b3fc-2c963f66afa6\",\"nsi_territory_uuid\":\"3fa85f64-5717-4562-b3fc-2c963f66afa6\",\"nsi_unit_category_uuid\":\"3fa85f64-5717-4562-b3fc-2c963f66afa6\",\"nsi_unit_responsibility_uuid\":\"3fa85f64-5717-4562-b3fc-2c963f66afa6\"},\"request_type_uuid\":{\"title\":\"string\",\"description\":\"string\",\"legal\":true},\"request_kind_uuid\":{\"title\":\"string\",\"description\":\"string\",\"code\":\"string\",\"common_request_flag\":true,\"kind_order\":0},\"request_message_subject_uid\":{\"title\":\"string\",\"description\":\"string\"},\"business_line_procuracy\":\"string\",\"business_line_procuracy_id\":\"string\",\"business_line_procuracy_date\":\"string\",\"business_line_region_uid\":\"3fa85f64-5717-4562-b3fc-2c963f66afa6\",\"business_line_region_living\":\"string\",\"business_line_address\":\"string\",\"extr_type\":\"string\",\"extr_source\":\"string\",\"extr_link\":\"string\",\"extr_flag\":\"string\",\"extr_paywall\":\"string\",\"isFirstRequest\":true,\"attachmentAggrChecksum\":0,\"attachmentFileNames\":\"string\",\"request_action_uuid\":\"3fa85f64-5717-4562-b3fc-2c963f66afa6\",\"regions\":[{\"nsi_territory_uuid\":{\"title\":\"string\",\"title_short\":\"string\",\"description\":\"string\",\"order_number\":0,\"osm_id\":0,\"code\":\"string\",\"status\":\"string\",\"nsi_territory_super_uuid\":\"3fa85f64-5717-4562-b3fc-2c963f66afa6\",\"nsi_terr_category_uuid\":\"3fa85f64-5717-4562-b3fc-2c963f66afa6\"},\"aik_nadzor_region_uuid\":{\"name\":\"string\",\"isn\":\"string\",\"isn_high\":\"string\",\"weight\":\"string\",\"deleted\":true,\"code\":\"string\",\"notes\":\"string\",\"cod_okato\":\"string\",\"is_node\":true,\"is_protected\":true}}],\"files\":[{\"fileChecksum\":0,\"type\":\"string\",\"file_groupId\":\"3fa85f64-5717-4562-b3fc-2c963f66afa6\",\"file_name\":\"string\"}],\"ip\":\"string\"}","numberOfDispatches":1,"serviceData":{"dateTimeMessageSend":"2021-07-06T13:07:39.14899","appGroupId":"ok","appProcessId":"appealSend","transferDuration":0}}